Section,Group,Name,Price,Description,Notes,Pairing
Cocktails,,Greek Ambassador,$16,"Sideritis Vodka, Poli Camomilla, Bianco Ambrato, Mastiha, Oregano",,
Cocktails,,Pa'rriba,$16,"Agua de Bolivia, Aquardiente, Yerba + Bay syrup, Lime",,
Cocktails,,Postcard No. 9,$16,"Peach Blossom Infused Oka Gin, Bitter Bianca, Antica Torino Bianco",,
Soda,,Pigeon-Cola,$5,,"Citrus, Cardamom, Patchouli, Unrefined Cane Sugar","Bourbon, Rye, Repo & Salt, Fernet"
Soda,,Tonic,$5,,"Gentian, Lemon Grass, Pepper","Gin, Vodka, Tequila"
Soda,,Lemon-Lime,$5,,"Lemon & Lime Oleo, Citric & Malic Acid","Gin, Vodka, Tequila"
Soda,,Belfast Ginger-Ale,$5,,"Extracted Ginger, Cayenne, Rose oil, Cognac oil","Whisky, Cognac, Rum & Lime"
Beer,Cans / Bottles,Rolling Rock,$6,,,
Beer,Cans / Bottles,Menabrea,$10,,,
Beer,Cans / Bottles,Kirin,$7,,,
Beer,Cans / Bottles,Tsing tao,$7,,,
Beer,Cans / Bottles,Bohemia,$6,,,
Beer,Cans / Bottles,Saison Dupont,$24,750mL,,
Beer,Cans / Bottles,Field Recordings Cider,$24,750mL,,
Beer,Draft,Bavik,$8,,,
Beer,Draft,Waldschanke Cider,$7,,,
Wine,By the glass,DTW Red Blend,$12,Oregon. Organic & Bio-Dynamic. Gamay-Pinot Blend.,,
Wine,By the glass,Michi's Farm White,$12,Austria. Organic. White Blend.,,
Wine,By the glass,Fallen Grape Orange,$10,California. Organic. Skin Contact.,,
Wine,By the glass,Rikyu Salt & Sage Sake,$10,Tokebtsu Junmai. Sake.,,
R/X,,,,Coming soon,,
N/A,,N/A Sfumato,$8,"Rhubarb, Hibiscus, Rose & Smoke",,
N/A,,N/A Apertif,$8,"Honey, Lavender, Gentian, Juniper",,
